[
  {
    "id": 1,
    "Cod.": 101,
    "Nome da Ferramenta": "INSERTO WNMG 080408 UC5115 – (MITUTOYO)",
    "Custo Jan": 950.50,
    "Custo Fev": 1240.70,
    "Custo Mar": 1180.20,
    "Custo Abr": 1305.90,
    "Custo Mai": 1112.30,
    "Custo Jun": 995.60,
    "Custo Jul": 1021.40,
    "Custo Ago": 1087.35,
    "Custo Set": 1034.80,
    "Custo Out": 1118.10,
    "Custo Nov": 1075.25,
    "Custo Dez": 1206.15,
    "Qtd.": 340,
    "Total": 12327.25
  },
  {
    "id": 2,
    "Cod.": 102,
    "Nome da Ferramenta": "FRESA DISCO DIÂM. 150 – TGSF 150‑5Z",
    "Custo Jan": 2450.00,
    "Custo Fev": 2365.75,
    "Custo Mar": 2598.20,
    "Custo Abr": 2437.65,
    "Custo Mai": 2390.10,
    "Custo Jun": 2310.50,
    "Custo Jul": 2528.90,
    "Custo Ago": 2444.80,
    "Custo Set": 2516.30,
    "Custo Out": 2375.60,
    "Custo Nov": 2602.15,
    "Custo Dez": 2559.45,
    "Qtd.": 18,
    "Total": 29579.40
  },
  {
    "id": 3,
    "Cod.": 103,
    "Nome da Ferramenta": "BROCA SOLIDA CARB  Ø8,5 mm 3XD",
    "Custo Jan": 220.00,
    "Custo Fev": 215.30,
    "Custo Mar": 238.50,
    "Custo Abr": 224.10,
    "Custo Mai": 261.80,
    "Custo Jun": 242.00,
    "Custo Jul": 249.70,
    "Custo Ago": 235.60,
    "Custo Set": 228.50,
    "Custo Out": 241.90,
    "Custo Nov": 219.40,
    "Custo Dez": 233.75,
    "Qtd.": 95,
    "Total": 2789.55
  },
  {
    "id": 5,
    "Cod.": 104,
    "Nome da Ferramenta": "FERRAMENTA MANDRIL FH‑18 Ø50 (SANDVIK)",
    "Custo Jan": 3280.10,
    "Custo Fev": 0,
    "Custo Mar": 3145.75,
    "Custo Abr": 0,
    "Custo Mai": 3211.60,
    "Custo Jun": 0,
    "Custo Jul": 3098.40,
    "Custo Ago": 0,
    "Custo Set": 3256.80,
    "Custo Out": 0,
    "Custo Nov": 3167.95,
    "Custo Dez": 0,
    "Qtd.": 7,
    "Total": 19160.60
  },
  {
    "id": 6,
    "Cod.": 105,
    "Nome da Ferramenta": "INSERTO RCGT 1204‑FN (KYOCERA)",
    "Custo Jan": 410.00,
    "Custo Fev": 425.00,
    "Custo Mar": 438.60,
    "Custo Abr": 402.40,
    "Custo Mai": 417.35,
    "Custo Jun": 431.20,
    "Custo Jul": 449.10,
    "Custo Ago": 0,
    "Custo Set": 0,
    "Custo Out": 0,
    "Custo Nov": 0,
    "Custo Dez": 0,
    "Qtd.": 220,
    "Total": 2973.65
  },
  {
    "id": 7,
    "Cod.": 106,
    "Nome da Ferramenta": "ALARGADOR HSS Ø12,0 6P DIN‑212",
    "Custo Jan": 90.50,
    "Custo Fev": 96.80,
    "Custo Mar": 98.10,
    "Custo Abr": 100.45,
    "Custo Mai": 0,
    "Custo Jun": 0,
    "Custo Jul": 101.20,
    "Custo Ago": 0,
    "Custo Set": 95.75,
    "Custo Out": 0,
    "Custo Nov": 0,
    "Custo Dez": 0,
    "Qtd.": 60,
    "Total": 582.80
  },
  {
    "id": 101,
    "Cod.": 107,
    "Nome da Ferramenta": "FRESA ESF. Ø6 mm 4C (TITÂNIO)",
    "Custo Jan": 310.30,
    "Custo Fev": 320.20,
    "Custo Mar": 318.00,
    "Custo Abr": 335.60,
    "Custo Mai": 325.40,
    "Custo Jun": 330.10,
    "Custo Jul": 340.20,
    "Custo Ago": 0,
    "Custo Set": 0,
    "Custo Out": 0,
    "Custo Nov": 0,
    "Custo Dez": 0,
    "Qtd.": 48,
    "Total": 1979.80
  },
  {
    "id": 102,
    "Cod.": 108,
    "Nome da Ferramenta": "ROSQUEADEIRA M8x1,25 HSS‑E",
    "Custo Jan": 125.00,
    "Custo Fev": 130.80,
    "Custo Mar": 134.20,
    "Custo Abr": 0,
    "Custo Mai": 0,
    "Custo Jun": 0,
    "Custo Jul": 0,
    "Custo Ago": 0,
    "Custo Set": 0,
    "Custo Out": 0,
    "Custo Nov": 0,
    "Custo Dez": 0,
    "Qtd.": 150,
    "Total": 389.99
  },
  {
    "id": 103,
    "Cod.": 109,
    "Nome da Ferramenta": "INSERT TAG N3C IC908 – (ISCAR)",
    "Custo Jan": 1000.00,
    "Custo Fev": 0,
    "Custo Mar": 1125.50,
    "Custo Abr": 0,
    "Custo Mai": 1080.25,
    "Custo Jun": 0,
    "Custo Jul": 1040.75,
    "Custo Ago": 0,
    "Custo Set": 1110.90,
    "Custo Out": 0,
    "Custo Nov": 1098.40,
    "Custo Dez": 0,
    "Qtd.": 140,
    "Total": 5455.80
  },
  {
    "id": 104,
    "Cod.": 110,
    "Nome da Ferramenta": "LIMA ROTATIVA P803 Ø9,6 mm (DORMER)",
    "Custo Jan": 175.50,
    "Custo Fev": 180.65,
    "Custo Mar": 178.30,
    "Custo Abr": 182.90,
    "Custo Mai": 179.40,
    "Custo Jun": 0,
    "Custo Jul": 181.70,
    "Custo Ago": 0,
    "Custo Set": 0,
    "Custo Out": 0,
    "Custo Nov": 0,
    "Custo Dez": 0,
    "Qtd.": 32,
    "Total": 1078.45
  },
  {
    "id": 105,
    "Cod.": 111,
    "Nome da Ferramenta": "BROCA CARBIDE Ø4 mm 5XD – AlTiN",
    "Custo Jan": 210.00,
    "Custo Fev": 205.50,
    "Custo Mar": 0,
    "Custo Abr": 198.25,
    "Custo Mai": 0,
    "Custo Jun": 202.40,
    "Custo Jul": 207.35,
    "Custo Ago": 0,
    "Custo Set": 0,
    "Custo Out": 0,
    "Custo Nov": 0,
    "Custo Dez": 0,
    "Qtd.": 70,
    "Total": 1023.50
  },
  {
    "id": 106,
    "Cod.": 112,
    "Nome da Ferramenta": "INSERT APKT 1604‑PDFR (SECO)",
    "Custo Jan": 595.80,
    "Custo Fev": 610.20,
    "Custo Mar": 599.00,
    "Custo Abr": 623.75,
    "Custo Mai": 0,
    "Custo Jun": 0,
    "Custo Jul": 0,
    "Custo Ago": 0,
    "Custo Set": 0,
    "Custo Out": 0,
    "Custo Nov": 0,
    "Custo Dez": 0,
    "Qtd.": 85,
    "Total": 2428.75
  },
  {
    "id": 107,
    "Cod.": 113,
    "Nome da Ferramenta": "PASTILHA TCMW 110204 (YG‑1)",
    "Custo Jan": 320.40,
    "Custo Fev": 329.10,
    "Custo Mar": 0,
    "Custo Abr": 0,
    "Custo Mai": 315.60,
    "Custo Jun": 0,
    "Custo Jul": 338.50,
    "Custo Ago": 0,
    "Custo Set": 0,
    "Custo Out": 0,
    "Custo Nov": 0,
    "Custo Dez": 0,
    "Qtd.": 54,
    "Total": 1303.60
  },
  {
    "id": 108,
    "Cod.": 114,
    "Nome da Ferramenta": "FRESA TOROIDAL Ø12×R2 – 4C",
    "Custo Jan": 1145.00,
    "Custo Fev": 1187.50,
    "Custo Mar": 1214.40,
    "Custo Abr": 1198.35,
    "Custo Mai": 0,
    "Custo Jun": 1223.60,
    "Custo Jul": 0,
    "Custo Ago": 1236.90,
    "Custo Set": 0,
    "Custo Out": 1198.25,
    "Custo Nov": 0,
    "Custo Dez": 1215.70,
    "Qtd.": 22,
    "Total": 9419.70
  },
  {
    "id": 111,
    "Cod.": 115,
    "Nome da Ferramenta": "PORTA‑FRESA Ø32 DIN‑69871‑AD/B40",
    "Custo Jan": 2650.00,
    "Custo Fev": 2705.40,
    "Custo Mar": 2770.90,
    "Custo Abr": 2690.30,
    "Custo Mai": 0,
    "Custo Jun": 0,
    "Custo Jul": 2755.60,
    "Custo Ago": 0,
    "Custo Set": 2789.20,
    "Custo Out": 0,
    "Custo Nov": 2832.75,
    "Custo Dez": 0,
    "Qtd.": 5,
    "Total": 17194.15
  },
  {
    "id": 112,
    "Cod.": 116,
    "Nome da Ferramenta": "MANDRIL MODULAR Ø80 – CAPTO C6",
    "Custo Jan": 4200.00,
    "Custo Fev": 4130.50,
    "Custo Mar": 4285.70,
    "Custo Abr": 4215.60,
    "Custo Mai": 0,
    "Custo Jun": 4145.20,
    "Custo Jul": 0,
    "Custo Ago": 4300.80,
    "Custo Set": 0,
    "Custo Out": 4250.90,
    "Custo Nov": 0,
    "Custo Dez": 4190.10,
    "Qtd.": 3,
    "Total": 33718.80
  },
  {
    "id": 114,
    "Cod.": 117,
    "Nome da Ferramenta": "FRESA DEDO Ø10 mm 3C (CARBIDE)",
    "Custo Jan": 545.20,
    "Custo Fev": 0,
    "Custo Mar": 560.75,
    "Custo Abr": 0,
    "Custo Mai": 575.30,
    "Custo Jun": 0,
    "Custo Jul": 590.90,
    "Custo Ago": 0,
    "Custo Set": 605.40,
    "Custo Out": 0,
    "Custo Nov": 617.80,
    "Custo Dez": 0,
    "Qtd.": 40,
    "Total": 3495.35
  },
  {
    "id": 115,
    "Cod.": 118,
    "Nome da Ferramenta": "BROCA Ø6 mm HSS DIN‑338",
    "Custo Jan": 55.90,
    "Custo Fev": 57.30,
    "Custo Mar": 56.40,
    "Custo Abr": 58.10,
    "Custo Mai": 57.80,
    "Custo Jun": 0,
    "Custo Jul": 0,
    "Custo Ago": 59.25,
    "Custo Set": 0,
    "Custo Out": 58.40,
    "Custo Nov": 0,
    "Custo Dez": 0,
    "Qtd.": 400,
    "Total": 403.15
  },
  {
    "id": 116,
    "Cod.": 119,
    "Nome da Ferramenta": "INSERT DNMG 150608‑PM (KENNAMETAL)",
    "Custo Jan": 890.50,
    "Custo Fev": 905.75,
    "Custo Mar": 930.10,
    "Custo Abr": 0,
    "Custo Mai": 915.60,
    "Custo Jun": 0,
    "Custo Jul": 925.40,
    "Custo Ago": 0,
    "Custo Set": 940.80,
    "Custo Out": 0,
    "Custo Nov": 955.30,
    "Custo Dez": 0,
    "Qtd.": 110,
    "Total": 6463.45
  },
  {
    "id": 117,
    "Cod.": 120,
    "Nome da Ferramenta": "FRESA CIRCULAR Ø200×5 mm – HSS‑Dmo5",
    "Custo Jan": 3480.00,
    "Custo Fev": 3520.50,
    "Custo Mar": 3455.20,
    "Custo Abr": 3498.60,
    "Custo Mai": 3540.10,
    "Custo Jun": 0,
    "Custo Jul": 3475.45,
    "Custo Ago": 0,
    "Custo Set": 3512.75,
    "Custo Out": 0,
    "Custo Nov": 3548.20,
    "Custo Dez": 0,
    "Qtd.": 9,
    "Total": 27531.80
  }
]